INSERT INTO Profesores (Id_Profesor) VALUES ("O981843711"),("O927027078"),("O934371279"),("O964321769"),("O966910085"),("O914311406"),("O931461871"),("O988420888"),("O987380616"),("O910648685");
INSERT INTO Profesores (Id_Profesor) VALUES ("O998858479"),("O912517895"),("O972933339"),("O992989266"),("O916173215"),("O967968477"),("O953685800"),("O938843107"),("O910431349"),("O911667715");

-- Datos tabla horarioTrabajo
INSERT INTO `HorarioTrabajo` (`Id_Profesor`,`Id_Horario`,`MateriaImpartida`,`HoraTrabajo`) VALUES ("O981843711","184450","Quimica","01:36:42"),("O927027078","127116","EDO","02:37:09"),("O964321769","192940","Algebra","11:18:55"),("O998858479","198628","Biologia","23:36:09"),("O912517895","139269","EDO","04:21:37");
INSERT INTO `HorarioTrabajo` (`Id_Profesor`,`Id_Horario`,`MateriaImpartida`,`HoraTrabajo`) VALUES ("O981843711","196567","EDO","19:38:35"),("O927027078","117807","Estadistica","07:29:55"),("O964321769","173042","Biologia","08:21:39"),("O998858479","159568","Biologia","00:25:18"),("O972933339","180036","Algebra","07:21:40");
INSERT INTO `HorarioTrabajo` (`Id_Profesor`,`Id_Horario`,`MateriaImpartida`,`HoraTrabajo`) VALUES ("O981843711","164603","Quimica","05:07:20"),("O934371279","152248","comunicacion","16:34:45"),("O966910085","176259","Estadistica","18:47:37"),("O998858479","148498","comunicacion","11:38:47"),("O972933339","100545","Estadistica","12:54:50");
INSERT INTO `HorarioTrabajo` (`Id_Profesor`,`Id_Horario`,`MateriaImpartida`,`HoraTrabajo`) VALUES ("O981843711","176630","FProgramacion","07:01:56"),("O934371279","186723","Quimica","23:45:00"),("O966910085","118310","comunicacion","00:42:10"),("O912517895","185854","FProgramacion","05:02:37"),("O972933339","147937","Biologia","05:41:56");

INSERT INTO sugerencia (Id_Sugerencia, Recomendacion, Tipo_Sugerencia) VALUES ("69004","Reconozca las cosas que no puede cambiar","Manual"),("63446","Establece prioridades y gestiona tu tiempo","Automatica");
INSERT INTO sugerencia (Id_Sugerencia, Recomendacion, Tipo_Sugerencia) VALUES ("60601","Evite las situaciones estresantes","Manual"),("68227","Escucha y disfruta de tu música favorita","Manual");
INSERT INTO sugerencia (Id_Sugerencia, Recomendacion, Tipo_Sugerencia) VALUES ("69285","Haga ejercicio.","Automatica"),("60627","Aprende a delegar tareas","Manual");
INSERT INTO sugerencia (Id_Sugerencia, Recomendacion, Tipo_Sugerencia) VALUES ("60601","Cambie su perspectiva","Manual"),("69635","","Automatica");
INSERT INTO sugerencia (Id_Sugerencia, Recomendacion, Tipo_Sugerencia) VALUES ("64640","Haga algo que disfrute","Automatica"),("60496","Aliméntate de manera más saludable","Manual");
INSERT INTO sugerencia (Id_Sugerencia, Recomendacion, Tipo_Sugerencia) VALUES ("62893","Aprenda nuevas maneras para relajarse","Automatica"),("60617","Ríete y mantente con un humor positivo","Automatica");
INSERT INTO sugerencia (Id_Sugerencia, Recomendacion, Tipo_Sugerencia) VALUES ("67563","Conéctese con sus seres queridos","Automatica"),("67639","Trata de no ser perfeccionista","Manual");
INSERT INTO sugerencia (Id_Sugerencia, Recomendacion, Tipo_Sugerencia) VALUES ("68188","Duerma lo suficiente","Automatica"),("67119","Practica actividades relajantes","Automatica");
INSERT INTO sugerencia (Id_Sugerencia, Recomendacion, Tipo_Sugerencia) VALUES ("61874","Mantenga una dieta saludable","Automatica"),("65374","Evite pensar obsesivamente en los problemas","Manual");
INSERT INTO sugerencia (Id_Sugerencia, Recomendacion, Tipo_Sugerencia) VALUES ("62562","Aprenda a decir que no","Manual"),("64237","Practica Mindfulness","Manual");

INSERT INTO Consulta (Id_Consulta,Fecha_Emision,Fecha_Proxcita) VALUES ("LYS79YJY","2022-06-05","2021-11-22"),
("QPI02CFN","2021-07-14","2021-12-16"),("MHG15GUR","2022-02-04","2021-11-01"),("XNU27WGX","2022-01-15","2022-02-02"),
("NOC84CZP","2021-05-13","2021-11-27"),("TQK89MDA","2021-09-29","2021-09-04"),("NTR62ZIP","2022-06-05","2021-10-30"),
("YDH60IMF","2022-04-07","2022-07-25"),("CPB82JQD","2022-04-25","2022-01-25"),("TOP03AZX","2021-11-03","2022-06-06");
INSERT INTO Consulta (Id_Consulta,Fecha_Emision,Fecha_Proxcita) VALUES ("MUL09DXY","2021-01-14","2022-04-19"),
("OLV03KSU","2021-11-19","2021-12-25"),("ICS70IKO","2021-05-18","2022-05-10"),("SVP71PKO","2021-08-29","2021-10-12"),
("OPC83QWF","2020-09-16","2022-06-19"),("ZDC08UNC","2021-07-21","2022-06-07"),("RJU83NOF","2020-10-06","2022-05-30"),
("SXY65DBC","2022-07-03","2022-01-09"),("BXS64IDR","2021-11-05","2022-04-10"),("MCC89PUI","2021-10-08","2022-05-07");



INSERT INTO Generar (Id_Consulta, Id_Sugerencia , Id_Generar) VALUES ("LYS79YJY","69004","94553"),("OLV03KSU","60601","97710"),("MHG15GUR","67563","91776"),("XNU27WGX","60496","92227"),("RJU83NOF","63446","95466");
INSERT INTO Generar (Id_Consulta, Id_Sugerencia , Id_Generar) VALUES ("QPI02CFN","60601","98313"),("OPC83QWF","69004","95521"),("TQK89MDA","67563","98065"),("NTR62ZIP","67563","92482"),("MCC89PUI","68227","97782");
INSERT INTO Generar (Id_Consulta, Id_Sugerencia , Id_Generar) VALUES ("NOC84CZP","60601","96904"),("SXY65DBC","60601","97131"),("CPB82JQD","62562","95900"),("TOP03AZX","64237","92985"),("ZDC08UNC","60627","91124");
INSERT INTO Generar (Id_Consulta, Id_Sugerencia , Id_Generar) VALUES ("YDH60IMF","60601","95232"),("MUL09DXY","60601","99934"),("ICS70IKO","62562","97436"),("SVP71PKO","64237","90372"),("BXS64IDR","60496","99135");


INSERT INTO Estudiante (Id_Estudiante) VALUES ("O918379376"),("O967648184"),("O942073641"),("O918186440"),("O994596017"),("O919585030"),("O953969296"),("O913682756"),("O955796200"),("O983241856");
INSERT INTO Estudiante (Id_Estudiante) VALUES ("O952283061"),("O922045032"),("O924876497"),("O959146998"),("O937155719"),("O928860115"),("O932369120"),("O945377037"),("O980052219"),("O947919293");




INSERT INTO horarioclases (materiaregistrada,hora,idestudiante,idhorarioE) VALUES ("comunicacion","09:58:44","O918379376","R2628"),("Biologia","06:16:21","O994596017","R4474"),("Estadistica","10:36:49","O937155719","R0374");
INSERT INTO horarioclases (materiaregistrada,hora,idestudiante,idhorarioE) VALUES ("EDO","09:42:47","O918379376","R9928"),("Biologia","00:22:31","O928860115","R1054"),("Algebra","02:34:47","O928860115","R9597");
INSERT INTO horarioclases (materiaregistrada,hora,idestudiante,idhorarioE) VALUES ("Estadistica","07:07:36","O918379376","R5954"),("comunicacion","08:34:25","O953969296","R1577"),("Quimica","22:06:30","O937155719","R1102");
INSERT INTO horarioclases (materiaregistrada,hora,idestudiante,idhorarioE) VALUES ("Biologia","08:37:06","O922045032","R1983"),("Biologia","01:00:54","O913682756","R2979"),("Quimica","19:04:06","O928860115","R3263");
INSERT INTO horarioclases (materiaregistrada,hora,idestudiante,idhorarioE) VALUES ("EDO","21:50:55","O922045032","R7475"),("Quimica","14:15:00","O959146998","R0846"),("Quimica","13:40:58","O947919293","R2992");
INSERT INTO horarioclases (materiaregistrada,hora,idestudiante,idhorarioE) VALUES ("Quimica","04:56:22","O942073641","R7085"),("comunicacion","21:58:47","O980052219","R3679"),("EDO","11:57:30","O967648184","R7997");
INSERT INTO horarioclases (materiaregistrada,hora,idestudiante,idhorarioE) VALUES ("Algebra","17:00:04","O952283061","R8798"),("Estadistica","16:45:47","O947919293","R6973");


use G8P2_app_estres;

INSERT INTO Persona (ceduladeidentidad,nombre,apellido,correo_electronico,telefonocelular,telefonocasa,fecha_nacimiento) VALUES ("O918379376","Neville","Justice","gravida@varius.ca","09432175944","042620489","2022-07-12"),("O967648184","Carson","Whitley","vitae@est.edu","09918857501","042652501","2022-05-23"),("O942073641","Wang","Donaldson","id.ante.Nunc@Nulla.edu","09137917154","042613126","2022-01-03"),("O918186440","Evan","Simmons","Phasellus.nulla@viverraDonec.co.uk","09887574253","042480313","2022-04-10"),("O994596017","Chester","Wynn","Aliquam.erat@rhoncusProinnisl.net","09782943726","042689673","2022-03-11"),("O919585030","Quamar","Trevino","at.pede@a.org","09796117195","042966288","2020-12-05"),("O953969296","Nissim","Hobbs","tortor.at.risus@Curabitur.com","09976266448","042336192","2021-01-17"),("O913682756","Abraham","Sawyer","fringilla@nequeNullam.co.uk","09144146783","042878761","2022-07-18"),("O955796200","Phelan","Slater","Vestibulum.ut@arcuVestibulum.com","09240732370","042641352","2021-11-13"),("O983241856","Ahmed","Acosta","quis@acfacilisis.co.uk","09959555226","042527761","2021-05-13");
INSERT INTO Persona (ceduladeidentidad,nombre,apellido,correo_electronico,telefonocelular,telefonocasa,fecha_nacimiento) VALUES ("O952283061","Thor","Bass","lobortis@fermentumrisusat.com","09527884700","042901116","2022-06-23"),("O922045032","Axel","Richards","nisl.Nulla@posuerevulputate.ca","09737745647","042302281","2021-10-28"),("O924876497","Reuben","Ross","facilisis.non@Aliquam.co.uk","09986797953","042877931","2021-03-02"),("O959146998","James","York","dapibus.ligula@tempus.ca","09448830777","042656555","2021-04-30"),("O937155719","Zachary","Britt","sodales.Mauris.blandit@Innecorci.edu","09139997137","042198121","2021-04-26"),("O928860115","Arthur","Watts","ac.mi.eleifend@mi.org","09264367757","042297419","2022-07-10"),("O932369120","Boris","Sheppard","ante@semperpretiumneque.co.uk","09985838083","042980306","2021-04-09"),("O945377037","Vladimir","Cobb","sit@tempuseuligula.edu","09795185878","042601922","2020-11-04"),("O980052219","Isaac","Carlson","mus.Proin@egetvolutpat.ca","09453587124","042544607","2022-06-24"),("O947919293","Lee","Bond","est.congue.a@vel.edu","09459291283","042241481","2022-05-08");
INSERT INTO Persona (ceduladeidentidad,nombre,apellido,correo_electronico,telefonocelular,telefonocasa,fecha_nacimiento) VALUES ("O981843711","Cedric","Boone","Sed.dictum.Proin@Utsemperpretium.co.uk","09859240858","042148789","1981-01-13"),("O927027078","Herman","Wyatt","a.enim@euligulaAenean.co.uk","09546528674","042362661","1984-06-21"),("O934371279","Bernard","Mendoza","pede@quismassaMauris.com","09483500210","042639834","1983-03-16"),("O964321769","Lucian","Cantu","nibh.Donec@sollicitudin.com","09861695089","042463745","1981-01-09"),("O966910085","Edward","Mccray","a.facilisis@eleifendnecmalesuada.ca","09115561718","042843596","1984-05-23"),("O914311406","Fletcher","Patel","purus.Nullam@mauris.net","09255809706","042680857","1986-02-05"),("O931461871","Walker","Goff","vitae.erat@massaMaurisvestibulum.co.uk","09384576104","042579455","1983-10-03"),("O988420888","Armando","Vinson","eros.Nam.consequat@sapien.ca","09818765486","042249830","1996-05-31"),("O987380616","Yardley","Sharp","pede.nonummy.ut@nec.org","09155597278","042787633","1989-02-04"),("O910648685","Garrison","Gallagher","justo@elitpede.org","09642513208","042800569","1992-06-26");
INSERT INTO Persona (ceduladeidentidad,nombre,apellido,correo_electronico,telefonocelular,telefonocasa,fecha_nacimiento) VALUES ("O998858479","Alfonso","Haley","fringilla.Donec.feugiat@euplacerat.edu","09475405752","042286197","1995-09-26"),("O912517895","Emery","Petersen","amet@ultriciessemmagna.com","09975184068","042657685","1982-10-26"),("O972933339","Jacob","Keith","egestas.Duis.ac@In.co.uk","09127540474","042297815","1992-09-11"),("O992989266","Acton","Powers","ridiculus.mus@turpisIn.com","09474540741","042188790","1986-01-06"),("O916173215","Carlos","Mitchell","Integer.in.magna@intempuseu.org","09107754592","042961477","1982-04-12"),("O967968477","Xavier","Wong","dictum.magna@Fuscealiquetmagna.edu","09637994321","042440279","2001-10-14"),("O953685800","Aaron","Huff","fringilla.purus.mauris@diam.ca","09536831283","042330939","2000-06-12"),("O938843107","Ivor","Baldwin","cursus.Integer.mollis@faucibus.org","09151642692","042309624","2002-08-14"),("O910431349","Elliott","Summers","vitae.posuere@auctor.co.uk","09430942046","042139161","1987-09-15"),("O911667715","Quamar","Pratt","hendrerit@Utsemper.edu","09330443095","042158206","1983-06-21");
INSERT INTO Persona (ceduladeidentidad,nombre,apellido,correo_electronico,telefonocelular,telefonocasa,fecha_nacimiento) VALUES ("O985687560","Aladdin","Cummings","congue@Donectempor.net","09538253211","042555404","2001-12-19"),("O998679900","Jacob","Hart","Curae.Donec@eu.com","09910288886","042489222","1989-09-20"),("O976845236","Chadwick","Pitts","mollis.vitae.posuere@ornare.org","09148434210","042760200","1989-09-09"),("O959569220","Boris","Mann","urna@Phaselluselitpede.net","09105417839","042102645","1982-12-14"),("O981242751","Colt","Williamson","mauris.Morbi.non@incursus.org","09901891131","042882639","1993-06-20"),("O936635679","Timon","Donaldson","Proin@velmaurisInteger.co.uk","09155394543","042491106","1989-02-13"),("O980077452","Emery","Maynard","a.arcu@ut.org","09986964851","042194908","1994-07-16"),("O957916652","Benedict","Smith","feugiat.nec.diam@Proineget.co.uk","09409786939","042938418","1983-01-24"),("O981570132","Shad","Holcomb","ultrices@auctor.ca","09577788091","042573831","1988-07-14"),("O934794818","Dolan","Richmond","mollis.dui@laoreetlectus.com","09124365976","042161124","1984-02-29");
INSERT INTO Persona (ceduladeidentidad,nombre,apellido,correo_electronico,telefonocelular,telefonocasa,fecha_nacimiento) VALUES ("O942680748","Marshall","Reed","ac.mattis@venenatisamagna.com","09606513569","042613517","2001-06-23"),("O953017476","Quamar","Estes","condimentum@vehicularisus.co.uk","09395397768","042687200","1990-02-19"),("O921623939","Brett","Coleman","Maecenas@Nullamutnisi.org","09270805001","042813731","2002-09-23"),("O930162555","Cairo","Bridges","nibh.lacinia@molestietellus.org","09174210892","042148979","1985-06-16"),("O975822006","Ira","Graham","at.iaculis@gravida.edu","09246433029","042710901","1987-10-16"),("O923720789","Allen","Tran","urna.suscipit.nonummy@Ut.org","09166384531","042796357","2003-02-15"),("O917939559","Tobias","Boone","ipsum.primis@consectetuer.org","09225675560","042894392","1982-07-18"),("O924326910","Oren","Roberts","Vivamus.nibh@convallisantelectus.ca","09116615076","042355109","1988-09-20"),("O943766304","Brenden","Abbott","tellus.faucibus@consequatlectus.org","09973740508","042445476","1992-02-21"),("O968783277","Eagan","Meyer","libero.lacus.varius@malesuadafames.com","09816851076","042641816","1993-12-29");

INSERT INTO Estudiante (Id_Estudiante) VALUES ("O918379376"),("O967648184"),("O942073641"),("O918186440"),("O994596017"),("O919585030"),("O953969296"),("O913682756"),("O955796200"),("O983241856");
INSERT INTO Estudiante (Id_Estudiante) VALUES ("O952283061"),("O922045032"),("O924876497"),("O959146998"),("O937155719"),("O928860115"),("O932369120"),("O945377037"),("O980052219"),("O947919293");

INSERT INTO Psicologo (Id_Psicologo,N_consultas) VALUES ("O985687560",1),("O998679900",2),("O976845236",3),("O959569220",4),("O981242751",5),("O936635679",6),("O980077452",7),("O957916652",8),("O981570132",9),("O934794818",10);
INSERT INTO Psicologo (Id_Psicologo,N_consultas) VALUES ("O942680748",11),("O953017476",12),("O921623939",13),("O930162555",14),("O975822006",15),("O923720789",16),("O917939559",17),("O924326910",18),("O943766304",19),("O968783277",20);

-- INSERT INTO Actividad (Id_Actividad,Tipo_Actividad,dia,Nombre_Actividad,cedula_identidadProfe,cedula_identidadEstu) VALUES ("IZC83SSU5"," entretenimiento"," viernes"," reuniones",null,"O918379376"),("RBT49UUH5","ocio "," viernes"," leer ",null,"O967648184",("XRB67PVE2","ocio "," jueves "," leer ",null,"O942073641"),("DNZ77XHF5","ocio "," martes "," universidad ",null,"O918186440"),("OJN95BKF1"," trabajo/estudio "," miercoles "," reuniones",null,"O994596017"),("NZG38FUB5","ocio "," viernes"," universidad ",null,"O955796200"),("JPP46ZLD0"," trabajo/estudio "," jueves ","dormir ",null,"O983241856"),("PZW73YTB5"," entretenimiento"," viernes"," fiesta ",null,"O952283061"),("YGV18ZWL2"," entretenimiento","lunes "," fiesta ",null,"O922045032"),("FXV05MBL0","ocio "," miercoles "," universidad ",null,"O945377037");
-- INSERT INTO Actividad (Id_Actividad,Tipo_Actividad,dia,Nombre_Actividad,cedula_identidadProfe,cedula_identidadEstu) VALUES ("VRI28PFT7"," entretenimiento"," martes "," universidad ",null,"O981843711"),("JFV96IUQ1"," trabajo/estudio "," jueves "," universidad ",null,"O998858479"),("JTA38RGM0","ocio "," jueves "," reuniones",null,"O927027078"),("FMW75DUC0","ocio ","lunes "," ejerciciofisico ","O972933339","O934371279",null),("VRG69QIU1"," trabajo/estudio "," jueves ","dormir ","O992989266","O972933339","O964321769",null),("BXB56VQV4","ocio "," jueves "," reuniones","O992989266",null),("CWX12VBT6"," entretenimiento"," viernes"," universidad ","O966910085",null),("GVV11FYR8"," entretenimiento"," jueves "," universidad ","O916173215",null),("JWE54UJJ1","ocio ","lunes ","dormir ","O931461871",null),("KWQ80JES2"," trabajo/estudio "," jueves "," reuniones","O953685800",null);

 INSERT INTO Actividad  VALUES ("IZC83SSU5"," entretenimiento"," viernes"," reuniones","O918379376"),("RBT49UUH5","ocio "," viernes"," leer ","O967648184"),("XRB67PVE2","ocio "," jueves "," leer ","O942073641"),("DNZ77XHF5","ocio "," martes "," universidad ","O918186440"),("OJN95BKF1"," trabajo/estudio "," miercoles "," reuniones","O994596017"),("NZG38FUB5","ocio "," viernes"," universidad ","O955796200"),("JPP46ZLD0"," trabajo/estudio "," jueves ","dormir ","O983241856"),("PZW73YTB5"," entretenimiento"," viernes"," fiesta ","O952283061"),("YGV18ZWL2"," entretenimiento","lunes "," fiesta ","O922045032"),("FXV05MBL0","ocio "," miercoles "," universidad ","O945377037");
 INSERT INTO Actividad  VALUES ("VRI28PFT7"," entretenimiento"," martes "," universidad ","O981843711"),("JFV96IUQ1"," trabajo/estudio "," jueves "," universidad ","O998858479"),("JTA38RGM0","ocio "," jueves "," reuniones","OLV03KSU"),("FMW75DUC0","ocio ","lunes "," ejerciciofisic","O972933339"),("VRG69QIU1"," trabajo/estudio "," jueves ","dormir ","O992989266"),("BXB56VQV4","ocio "," jueves "," reuniones","O992989266"),("CWX12VBT6"," entretenimiento"," viernes"," universidad ","O966910085"),("GVV11FYR8"," entretenimiento"," jueves "," universidad ","O916173215"),("JWE54UJJ1","ocio ","lunes ","dormir ","O931461871"),("KWQ80JES2"," trabajo/estudio "," jueves "," reuniones","O953685800");
 
INSERT INTO Consulta (Id_Consulta,Fecha_Emision,Fecha_Proxcita) VALUES ("LYS79YJY","2022-06-05","2021-11-22"),("QPI02CFN","2021-07-14","2021-12-16"),("MHG15GUR","2022-02-04","2021-11-01"),("XNU27WGX","2022-01-15","2022-02-02"),("NOC84CZP","2021-05-13","2021-11-27"),("TQK89MDA","2021-09-29","2021-09-04"),("NTR62ZIP","2022-06-05","2021-10-30"),("YDH60IMF","2022-04-07","2022-07-25"),("CPB82JQD","2022-04-25","2022-01-25"),("TOP03AZX","2021-11-03","2022-06-06");
INSERT INTO Consulta (Id_Consulta,Fecha_Emision,Fecha_Proxcita) VALUES ("MUL09DXY","2021-01-14","2022-04-19"),("OLV03KSU","2021-11-19","2021-12-25"),("ICS70IKO","2021-05-18","2022-05-10"),("SVP71PKO","2021-08-29","2021-10-12"),("OPC83QWF","2020-09-16","2022-06-19"),("ZDC08UNC","2021-07-21","2022-06-07"),("RJU83NOF","2020-10-06","2022-05-30"),("SXY65DBC","2022-07-03","2022-01-09"),("BXS64IDR","2021-11-05","2022-04-10"),("MCC89PUI","2021-10-08","2022-05-07");

INSERT INTO Agendar_Cita  VALUES ("2021-12-16","dolorcabz","16:39:02",39,"O981843711","LYS79YJY");
INSERT INTO Agendar_Cita  VALUES ("2021-10-17","consulta","06:23:01",12,"O918379376","MUL09DXY");
INSERT INTO Agendar_Cita  VALUES ("2021-04-17","dolorcabz","13:55:36",56,"O967648184","QPI02CFN");
INSERT INTO Agendar_Cita  VALUES ("2021-02-05"," consulta","19:44:35",31,"O998858479","OLV03KSU");
INSERT INTO Agendar_Cita  VALUES ("2020-09-21","dolorcabz","08:30:39",36,"O964321769","ICS70IKO");
INSERT INTO Agendar_Cita  VALUES ("2021-09-04","depresion","23:37:47",1,"O972933339","SVP71PKO"),("2020-07-30","citarealiz","13:38:55",83,"O992989266","OPC83QWF"),("2022-05-25","ansiedad","06:39:26",29,"O992989266","ZDC08UNC"),("2021-07-09","dolorcabz","11:20:18",42,"O966910085","RJU83NOF"),("2020-10-19","depresion","23:35:40",8,"O916173215","SXY65DBC"),("2022-05-11","citarealiz","21:25:40",41,"O931461871","BXS64IDR"),("2020-10-17","citareali","13:48:43",22,"O912517895","MCC89PUI");
INSERT INTO Agendar_Cita  VALUES ("2022-04-11","depresion","21:00:32",38,"O942073641","MHG15GUR"),("2022-07-19","dolorcabz","07:12:04",50,"O918186440","XNU27WGX"),("2022-01-25","dolorcabz","07:49:30",44,"O994596017","NOC84CZP"),("2022-02-15","consulta","12:44:51",65,"O955796200","TQK89MDA"),("2021-05-19","dolorcabz","08:50:38",49,"O955796200","NTR62ZIP"),("2021-07-07","consulta","04:43:22",16,"O952283061","YDH60IMF"),("2021-04-26","depresion","16:18:41",37,"O922045032","CPB82JQD"),("2021-01-03","dolorcabz","22:36:00",60,"O945377037","TOP03AZX");
